맛,가격,웨이팅,서비스,분위기,카공,위생,전체
더파이홀,더파이홀,더파이홀,더파이홀,더파이홀,더파이홀,더파이홀,더파이홀
클로리스 신촌점,클로리스 신촌점,앤트러사이트 연희점,클로리스 신촌점,클로리스 신촌점,클로리스 신촌점,앤트러사이트 연희점,클로리스 신촌점
앤트러사이트 연희점,앤트러사이트 연희점,클로리스 신촌점,앤트러사이트 연희점,앤트러사이트 연희점,앤트러사이트 연희점,클로리스 신촌점,프로토콜
호밀밭,프로토콜,프로토콜,프로토콜,프로토콜,프로토콜,프로토콜,앤트러사이트 연희점
프로토콜,호밀밭,매뉴팩트커피 연희본점,호밀밭,호밀밭,매뉴팩트커피 연희본점,호밀밭,매뉴팩트커피 연희본점
매뉴팩트커피 연희본점,매뉴팩트커피 연희본점,호밀밭,매뉴팩트커피 연희본점,매뉴팩트커피 연희본점,호밀밭,매뉴팩트커피 연희본점,호밀밭
푸어링아웃,푸어링아웃,푸어링아웃,푸어링아웃,푸어링아웃,푸어링아웃,푸어링아웃,푸어링아웃
독수리다방,독수리다방,독수리다방,독수리다방,독수리다방,독수리다방,독수리다방,독수리다방
올레무스,올레무스,올레무스,올레무스,올레무스,올레무스,올레무스,올레무스
와플잇업 이대2호점,와플잇업 이대2호점,와플잇업 이대2호점,와플잇업 이대2호점,와플잇업 이대2호점,와플잇업 이대2호점,와플잇업 이대2호점,로덴드론 연희점
로덴드론 연희점,로덴드론 연희점,로덴드론 연희점,로덴드론 연희점,로덴드론 연희점,로덴드론 연희점,로덴드론 연희점,와플잇업 이대2호점
컬러드빈,컬러드빈,컬러드빈,컬러드빈,컬러드빈,컬러드빈,컬러드빈,컬러드빈
포티드,포티드,포티드,포티드,포티드,포티드,포티드,포티드
스웨이커피스테이션,스웨이커피스테이션,스웨이커피스테이션,스웨이커피스테이션,스웨이커피스테이션,스웨이커피스테이션,스웨이커피스테이션,스웨이커피스테이션
티앙팡 오후에 홍차 1호점,티앙팡 오후에 홍차 1호점,티앙팡 오후에 홍차 1호점,티앙팡 오후에 홍차 1호점,티앙팡 오후에 홍차 1호점,티앙팡 오후에 홍차 1호점,티앙팡 오후에 홍차 1호점,그래피카
그릭데이 이대본점,그릭데이 이대본점,그릭데이 이대본점,그릭데이 이대본점,그릭데이 이대본점,그릭데이 이대본점,그릭데이 이대본점,티앙팡 오후에 홍차 1호점
보연희,그래피카,보연희,그래피카,그래피카,그래피카,보연희,그릭데이 이대본점
그래피카,보연희,그래피카,보연희,보연희,보연희,그래피카,초코블로썸
논탄토 신촌점,금옥당 연희점,논탄토 신촌점,논탄토 신촌점,금옥당 연희점,논탄토 신촌점,논탄토 신촌점,티아레나
금옥당 연희점,논탄토 신촌점,금옥당 연희점,금옥당 연희점,논탄토 신촌점,금옥당 연희점,금옥당 연희점,보연희
롯지190,롯지190,롯지190,롯지190,롯지190,롯지190,롯지190,금옥당 연희점
설빙 신촌점,초코블로썸,설빙 신촌점,초코블로썸,초코블로썸,초코블로썸,설빙 신촌점,롯지190
초코블로썸,설빙 신촌점,초코블로썸,설빙 신촌점,설빙 신촌점,설빙 신촌점,초코블로썸,논탄토 신촌점
티아레나,티아레나,티아레나,티아레나,티아레나,티아레나,티아레나,설빙 신촌점
스타벅스 신촌점,스타벅스 신촌점,스타벅스 신촌점,스타벅스 신촌점,스타벅스 신촌점,스타벅스 신촌점,스타벅스 신촌점,시간이머무는홍차가게
유원섬커피,유원섬커피,유원섬커피,유원섬커피,유원섬커피,유원섬커피,유원섬커피,본지르르 연희
벨라프라하,벨라프라하,벨라프라하,벨라프라하,벨라프라하,벨라프라하,벨라프라하,스타벅스 신촌점
스타벅스 이대R점,스타벅스 이대R점,스타벅스 이대R점,스타벅스 이대R점,스타벅스 이대R점,스타벅스 이대R점,스타벅스 이대R점,디폴트밸류
미네르바,미네르바,디폴트밸류,디폴트밸류,미네르바,미네르바,디폴트밸류,유원섬커피
디폴트밸류,디폴트밸류,미네르바,미네르바,에이투지카페,디폴트밸류,미네르바,벨라프라하
에이투지카페,에이투지카페,에이투지카페,에이투지카페,디폴트밸류,에이투지카페,에이투지카페,에이투지카페
카페코지,시간이머무는홍차가게,카페코지,시간이머무는홍차가게,본지르르 연희,본지르르 연희,카페코지,미네르바
시간이머무는홍차가게,카페코지,시간이머무는홍차가게,본지르르 연희,시간이머무는홍차가게,시간이머무는홍차가게,시간이머무는홍차가게,문베어
본지르르 연희,본지르르 연희,본지르르 연희,카페코지,카페코지,카페코지,본지르르 연희,보틀라운지
보틀라운지,보틀라운지,보틀라운지,보틀라운지,보틀라운지,보틀라운지,보틀라운지,꽃피다이화다방
미도파 커피하우스,미도파 커피하우스,탈리,미도파 커피하우스,미도파 커피하우스,미도파 커피하우스,탈리,스타벅스 이대R점
탈리,탈리,미도파 커피하우스,탈리,탈리,탈리,미도파 커피하우스,아워온즈
옥루몽 신촌본점,옥루몽 신촌본점,스타벅스 연희DT점,스타벅스 연희DT점,스타벅스 연희DT점,스타벅스 연희DT점,스타벅스 연희DT점,카페코지
문베어,스타벅스 연희DT점,스타벅스 신촌명물거리점,옥루몽 신촌본점,문베어,문베어,옥루몽 신촌본점,옥루몽 신촌본점
스타벅스 연희DT점,문베어,옥루몽 신촌본점,문베어,옥루몽 신촌본점,스타벅스 신촌명물거리점,스타벅스 신촌명물거리점,미도파 커피하우스
스타벅스 신촌명물거리점,스타벅스 신촌명물거리점,문베어,스타벅스 신촌명물거리점,스타벅스 신촌명물거리점,옥루몽 신촌본점,문베어,북카페파오
아워온즈,아워온즈,아워온즈,아워온즈,아워온즈,아워온즈,아워온즈,탈리
애니브 연희점,북카페파오,북카페파오,북카페파오,북카페파오,북카페파오,북카페파오,스타벅스 연희DT점
북카페파오,꽃피다이화다방,애니브 연희점,꽃피다이화다방,꽃피다이화다방,꽃피다이화다방,애니브 연희점,스타벅스 신촌명물거리점
카페페라 유니크점,애니브 연희점,꽃피다이화다방,애니브 연희점,애니브 연희점,애니브 연희점,꽃피다이화다방,애니브 연희점
꽃피다이화다방,카페페라 유니크점,카페페라 유니크점,카페페라 유니크점,카페페라 유니크점,카페페라 유니크점,카페페라 유니크점,더니커피
더니커피,더니커피,더니커피,더니커피,더니커피,더니커피,더니커피,모음
베러댄와플 이대점,커피가게동경 연희점,커피가게동경 연희점,커피가게동경 연희점,커피가게동경 연희점,커피가게동경 연희점,커피가게동경 연희점,블랙번즈
할리스 신촌연세로점,베러댄와플 이대점,할리스 신촌연세로점,할리스 신촌연세로점,이디야커피 신촌역점,할리스 신촌연세로점,할리스 신촌연세로점,하니앤손스
이디야커피 신촌역점,할리스 신촌연세로점,이디야커피 신촌역점,베러댄와플 이대점,할리스 신촌연세로점,이디야커피 신촌역점,이디야커피 신촌역점,연희 에스프레소바
커피가게동경 연희점,이디야커피 신촌역점,베러댄와플 이대점,이디야커피 신촌역점,베러댄와플 이대점,베러댄와플 이대점,베러댄와플 이대점,신촌브루스
몰리스,라오상하이 신촌점,몰리스,라오상하이 신촌점,라오상하이 신촌점,몰리스,몰리스,라오상하이 신촌점
라오상하이 신촌점,몰리스,공차 신촌연세로점,몰리스,몰리스,라오상하이 신촌점,공차 신촌연세로점,감과당
공차 신촌연세로점,공차 신촌연세로점,라오상하이 신촌점,공차 신촌연세로점,공차 신촌연세로점,공차 신촌연세로점,라오상하이 신촌점,베러댄와플 이대점
카페 나무,베어스덴,할리스 신촌점,노아스로스팅 헤리티지점,베어스덴,노아스로스팅 헤리티지점,할리스 신촌점,커피가게동경 연희점
베어스덴,노아스로스팅 헤리티지점,베어스덴,베어스덴,노아스로스팅 헤리티지점,베어스덴,베어스덴,계절의목소리
할리스 신촌점,할리스 신촌점,노아스로스팅 헤리티지점,할리스 신촌점,카페 나무,할리스 신촌점,노아스로스팅 헤리티지점,커피도가헤리티지
노아스로스팅 헤리티지점,내사랑,커피크레페 본점,신촌브루스,할리스 신촌점,신촌브루스,커피크레페 본점,베가니끄
커피크레페 본점,신촌브루스,카페 나무,내사랑,신촌브루스,카페 나무,카페 나무,노아스로스팅 헤리티지점
내사랑,카페 나무,내사랑,카페 나무,내사랑,내사랑,내사랑,컨시어지커피
하니앤손스,하니앤손스,신촌브루스,커피크레페 본점,커피크레페 본점,커피크레페 본점,신촌브루스,미크 커피
리화인아이스크림와플,커피크레페 본점,리화인아이스크림와플,하니앤손스,하니앤손스,하니앤손스,리화인아이스크림와플,커피상점 이심
신촌브루스,리화인아이스크림와플,하니앤손스,메가MGC커피 신촌점,메가MGC커피 신촌점,메가MGC커피 신촌점,하니앤손스,디저트바 이브흐
컨시어지커피,메가MGC커피 신촌점,메가MGC커피 신촌점,리화인아이스크림와플,투썸플레이스 동교동삼거리점,투썸플레이스 동교동삼거리점,메가MGC커피 신촌점,내사랑
메가MGC커피 신촌점,베가니끄,투썸플레이스 동교동삼거리점,베가니끄,리화인아이스크림와플,베가니끄,투썸플레이스 동교동삼거리점,공간커피
베가니끄,컨시어지커피,베가니끄,투썸플레이스 동교동삼거리점,베가니끄,리화인아이스크림와플,베가니끄,카페페라 유니크점
투썸플레이스 동교동삼거리점,투썸플레이스 동교동삼거리점,컨시어지커피,컨시어지커피,책다방 위숨,책다방 위숨,컨시어지커피,아지트커피 연대서문점
데스툴,데스툴,책다방 위숨,책다방 위숨,컨시어지커피,데스툴,책다방 위숨,데스툴
책다방 위숨,책다방 위숨,데스툴,데스툴,데스툴,컨시어지커피,데스툴,파티오
연희 에스프레소바,연희 에스프레소바,커피도가헤리티지,연희 에스프레소바,연희 에스프레소바,연희 에스프레소바,커피도가헤리티지,책다방 위숨
파티오,커피도가헤리티지,연희 에스프레소바,커피도가헤리티지,파티오,커피도가헤리티지,연희 에스프레소바,베어스덴
커피도가헤리티지,파티오,감과당,파티오,커피도가헤리티지,파티오,파티오,몰리스
아지트커피 연대서문점,감과당,파티오,감과당,감과당,계절의목소리,감과당,보케
감과당,계절의목소리,계절의목소리,계절의목소리,계절의목소리,감과당,계절의목소리,원오브씨
커피상점 이심,커피상점 이심,스타벅스 이대역점,커피상점 이심,커피상점 이심,커피상점 이심,스타벅스 이대역점,이디야커피 신촌기차역점
디저트바 이브흐,아지트커피 연대서문점,커피상점 이심,스타벅스 이대역점,스타벅스 이대역점,스타벅스 이대역점,커피상점 이심,투썸플레이스 동교동삼거리점
더벤티 신촌점,스타벅스 이대역점,아지트커피 연대서문점,아지트커피 연대서문점,아지트커피 연대서문점,아지트커피 연대서문점,아지트커피 연대서문점,카페 브라마솔레
계절의목소리,디저트바 이브흐,디저트바 이브흐,디저트바 이브흐,디저트바 이브흐,공간커피,디저트바 이브흐,리화인아이스크림와플
스타벅스 연대점,모음,스타벅스 연대점,모음,공간커피,모음,스타벅스 연대점,할리스 신촌연세로점
스타벅스 이대역점,카페 마,더벤티 신촌점,공간커피,모음,스타벅스 연대점,더벤티 신촌점,스타벅스 이대역점
카페 마,스타벅스 연대점,카페 마,스타벅스 연대점,스타벅스 연대점,카페 마,카페 마,앨리스
바나프레소 신촌점,블랙번즈,바나프레소 신촌점,카페 마,카페 마,바나프레소 신촌점,바나프레소 신촌점,바나프레소 신촌점
미크 커피,공간커피,모음,바나프레소 신촌점,더벤티 신촌점,디저트바 이브흐,모음,이디야커피 신촌역점
모음,바나프레소 신촌점,공간커피,블랙번즈,바나프레소 신촌점,더벤티 신촌점,공간커피,메가MGC커피 신촌점
블랙번즈,더벤티 신촌점,미크 커피,미크 커피,블랙번즈,이디야커피 신촌기차역점,미크 커피,로우키 연희점
공간커피,미크 커피,블랙번즈,더벤티 신촌점,미크 커피,미크 커피,블랙번즈,카페아늑
이디야커피 신촌기차역점,이디야커피 신촌기차역점,이디야커피 신촌기차역점,이디야커피 신촌기차역점,이디야커피 신촌기차역점,블랙번즈,이디야커피 신촌기차역점,시도플레이스
카페 플레이스,보케,보케,보케,보케,보케,보케,니도로스터리
보케,로우키 연희점,메가MGC커피 연희점,로우키 연희점,로우키 연희점,로우키 연희점,메가MGC커피 연희점,커피크레페 본점
메가MGC커피 연희점,카페 플레이스,카페 플레이스,스타벅스 신촌역점,메가MGC커피 연희점,스타벅스 신촌역점,카페 플레이스,공차 신촌연세로점
빽다방 신촌역점,메가MGC커피 연희점,로우키 연희점,카페 플레이스,원오브씨,원오브씨,로우키 연희점,카시코이
로우키 연희점,원오브씨,스타벅스 신촌역점,원오브씨,카페 플레이스,메가MGC커피 연희점,스타벅스 신촌역점,할리스 신촌점
앨리스,앨리스,빽다방 신촌역점,메가MGC커피 연희점,스타벅스 신촌역점,카페 플레이스,빽다방 신촌역점,스타벅스 신촌역점
스타벅스 신촌역점,스타벅스 신촌역점,앨리스,앨리스,앨리스,카시코이,앨리스,더블유피
스타벅스 신촌아트레온점,카시코이,스타벅스 신촌아트레온점,카시코이,빽다방 신촌역점,빽다방 신촌역점,스타벅스 신촌아트레온점,피터캣
씨유그릭,빽다방 신촌역점,원오브씨,빽다방 신촌역점,카시코이,앨리스,원오브씨,고유
카시코이,카페아늑,카시코이,스타벅스 신촌아트레온점,이디야커피 연남동점,스타벅스 신촌아트레온점,카시코이,래인
공차 이대점,스타벅스 신촌아트레온점,씨유그릭,카페아늑,카페아늑,카페아늑,씨유그릭,헤이진
더블유피,더블유피,카페아늑,더블유피,씨유그릭,씨유그릭,카페아늑,그로밋커피하우스
원오브씨,씨유그릭,더블유피,씨유그릭,더블유피,이디야커피 연남동점,더블유피,삼층카페
카페아늑,이디야커피 연남동점,이디야커피 연남동점,이디야커피 연남동점,스타벅스 신촌아트레온점,더블유피,이디야커피 연남동점,카페 마
이디야커피 연남동점,시도플레이스,커피빈 신촌점,시도플레이스,시도플레이스,커피빈 신촌점,커피빈 신촌점,스튜디오웝(빌리스하우스)
스튜디오웝(빌리스하우스),스튜디오웝(빌리스하우스),카페앤 신촌점,커피빈 신촌점,공차 이대점,카페앤 신촌점,카페앤 신촌점,해피앤피스커피클럽
시도플레이스,커피빈 신촌점,공차 이대점,카페앤 신촌점,커피빈 신촌점,시도플레이스,공차 이대점,가빈커피
라이프커피 이대점,카페앤 신촌점,시도플레이스,스튜디오웝(빌리스하우스),카페앤 신촌점,공차 이대점,시도플레이스,혹스턴
커피빈 신촌점,공차 이대점,스타벅스 연세종합관점,공차 이대점,스튜디오웝(빌리스하우스),스타벅스 연희동점,스타벅스 연세종합관점,윈야드
카페앤 신촌점,라이프커피 이대점,스타벅스 연희동점,헤이진,스타벅스 연희동점,스튜디오웝(빌리스하우스),스타벅스 연희동점,이디야커피 연남동점
스타벅스 연세종합관점,헤이진,스튜디오웝(빌리스하우스),스타벅스 연희동점,스타벅스 연세종합관점,스타벅스 연세종합관점,스튜디오웝(빌리스하우스),방긋 디저트카페&공방
스타벅스 연희동점,스타벅스 연희동점,헤이진,스타벅스 연세종합관점,헤이진,헤이진,헤이진,스타벅스 연대점
헤이진,스타벅스 연세종합관점,라이프커피 이대점,윈야드,라이프커피 이대점,혹스턴,라이프커피 이대점,카페포엠
가빈커피,가빈커피,가빈커피,라이프커피 이대점,윈야드,가빈커피,가빈커피,까페힐
파가니니,윈야드,혹스턴,혹스턴,가빈커피,라이프커피 이대점,혹스턴,래핑폭스
투썸플레이스 신촌기차역점,파가니니,투썸플레이스 신촌기차역점,가빈커피,혹스턴,윈야드,투썸플레이스 신촌기차역점,파파
그래인바운더리,혹스턴,그래인바운더리,파가니니,파가니니,피터캣,그래인바운더리,원앤온리커피
윈야드,투썸플레이스 신촌기차역점,휴,피터캣,그래인바운더리,휴,휴,성산로374과자점
휴,그래인바운더리,윈야드,투썸플레이스 신촌기차역점,피터캣,투썸플레이스 신촌기차역점,윈야드,다크에디션커피
혹스턴,파파,마이시크릿메이트,그래인바운더리,파파,그래인바운더리,마이시크릿메이트,초콜릿책방
마이시크릿메이트,휴,피터캣,휴,투썸플레이스 신촌기차역점,파가니니,피터캣,룩백커피
파파,피터캣,파가니니,파파,휴,그로밋커피하우스,파가니니,본솔커피 연희점
원앤온리커피,그로밋커피하우스,원앤온리커피,그로밋커피하우스,그로밋커피하우스,파파,원앤온리커피,드로윙커피하우스 이화여대2호점
피터캣,원앤온리커피,파파,마이시크릿메이트,니도로스터리,니도로스터리,파파,커피빈 신촌점
니도로스터리,니도로스터리,그로밋커피하우스,니도로스터리,원앤온리커피,원앤온리커피,그로밋커피하우스,휴
까페힐,마이시크릿메이트,메가MGC커피 이대점,원앤온리커피,마이시크릿메이트,마이시크릿메이트,메가MGC커피 이대점,카페 나무
룩백커피,삼층카페,니도로스터리,카페 브라마솔레,카페 브라마솔레,삼층카페,니도로스터리,파가니니
그로밋커피하우스,까페힐,카페 브라마솔레,까페힐,까페힐,까페힐,카페 브라마솔레,라이프커피 이대점
와플덴 이대정문점,카페 브라마솔레,까페힐,삼층카페,삼층카페,카페포엠,까페힐,와플덴 이대정문점
메가MGC커피 이대점,룩백커피,룩백커피,카페포엠,카페포엠,카페 브라마솔레,룩백커피,돌파운드
카페 브라마솔레,메가MGC커피 이대점,해피앤피스커피클럽,메가MGC커피 이대점,룩백커피,메가MGC커피 이대점,해피앤피스커피클럽,에쏘하우스
삼층카페,해피앤피스커피클럽,카페포엠,룩백커피,해피앤피스커피클럽,본솔커피 연희점,카페포엠,마이시크릿메이트
래핑폭스,와플덴 이대정문점,삼층카페,해피앤피스커피클럽,메가MGC커피 이대점,룩백커피,래핑폭스,스타벅스 신촌아트레온점
해피앤피스커피클럽,카페포엠,래핑폭스,와플덴 이대정문점,와플덴 이대정문점,해피앤피스커피클럽,삼층카페,컴포즈커피 신촌연세대점
아마스빈 이대점,래핑폭스,아마스빈 이대점,래핑폭스,래핑폭스,래핑폭스,아마스빈 이대점,탐앤탐스 이대점
돌파운드,고유,다크에디션커피,고유,본솔커피 연희점,고유,와플덴 이대정문점,통인동커피공방 로스팅라이브러리
스타벅스 이대ECC점,본솔커피 연희점,와플덴 이대정문점,본솔커피 연희점,고유,와플덴 이대정문점,다크에디션커피,스타벅스 연희동점
카페포엠,돌파운드,고유,다크에디션커피,스타벅스 이대ECC점,다크에디션커피,컴포즈커피 신촌연세대점,쓰리어클락
본솔커피 연희점,스타벅스 이대ECC점,컴포즈커피 신촌연세대점,초콜릿책방,초콜릿책방,스타벅스 이대ECC점,고유,명카페
다크에디션커피,아마스빈 이대점,돌파운드,돌파운드,다크에디션커피,초콜릿책방,돌파운드,모와림
컴포즈커피 신촌연세대점,다크에디션커피,통인동커피공방 로스팅라이브러리,스타벅스 이대ECC점,돌파운드,아마스빈 이대점,통인동커피공방 로스팅라이브러리,공드린
챙스베리,초콜릿책방,스타벅스 이대ECC점,아마스빈 이대점,아마스빈 이대점,돌파운드,스타벅스 이대ECC점,더벤티 신촌점
고스트요거트 이대직영점,컴포즈커피 신촌연세대점,고스트요거트 이대직영점,컴포즈커피 신촌연세대점,챙스베리,통인동커피공방 로스팅라이브러리,고스트요거트 이대직영점,카페앤 신촌점
쥬씨 신촌점,챙스베리,본솔커피 연희점,통인동커피공방 로스팅라이브러리,고스트요거트 이대직영점,컴포즈커피 신촌연세대점,본솔커피 연희점,챙스베리
통인동커피공방 로스팅라이브러리,통인동커피공방 로스팅라이브러리,챙스베리,챙스베리,컴포즈커피 신촌연세대점,고스트요거트 이대직영점,챙스베리,카페라티노
고유,고스트요거트 이대직영점,초콜릿책방,고스트요거트 이대직영점,통인동커피공방 로스팅라이브러리,챙스베리,초콜릿책방,안다르커피
카페라티노,드로윙커피하우스 이화여대2호점,캐치카페 신촌,탐앤탐스 이대점,카페라티노,탐앤탐스 이대점,캐치카페 신촌,메가MGC커피 이대점
초콜릿책방,카페라티노,드로윙커피하우스 이화여대2호점,카페라티노,탐앤탐스 이대점,드로윙커피하우스 이화여대2호점,드로윙커피하우스 이화여대2호점,투썸플레이스 신촌기차역점
카페인중독 신촌점,성산로374과자점,카페인중독 신촌점,성산로374과자점,성산로374과자점,캐치카페 신촌,카페인중독 신촌점,옐로연희
성산로374과자점,탐앤탐스 이대점,카페라티노,드로윙커피하우스 이화여대2호점,드로윙커피하우스 이화여대2호점,카페라티노,카페라티노,스타벅스 이대ECC점
드로윙커피하우스 이화여대2호점,래인,성산로374과자점,캐치카페 신촌,캐치카페 신촌,성산로374과자점,성산로374과자점,쥬쥬펫
캐치카페 신촌,캐치카페 신촌,탐앤탐스 이대점,래인,피시스오브서울,투썸플레이스 신촌연세로점,탐앤탐스 이대점,에스크투데이
이디야커피 연세대점,카페인중독 신촌점,이디야커피 연세대점,카페인중독 신촌점,래인,래인,이디야커피 연세대점,지니
탐앤탐스 이대점,피시스오브서울,쥬씨 신촌점,안다르커피,투썸플레이스 신촌연세로점,카페인중독 신촌점,쥬씨 신촌점,올드프렌드
피시스오브서울,쥬씨 신촌점,투썸플레이스 신촌연세로점,피시스오브서울,카페인중독 신촌점,이디야커피 연세대점,안다르커피,그래인바운더리
투썸플레이스 신촌연세로점,안다르커피,안다르커피,투썸플레이스 신촌연세로점,안다르커피,안다르커피,투썸플레이스 신촌연세로점,씨유그릭
래인,투썸플레이스 신촌연세로점,래인,이디야커피 연세대점,쥬씨 신촌점,피시스오브서울,래인,메가MGC커피 연희점
크로플덕 오리아가씨 신촌점,이디야커피 연세대점,피시스오브서울,방긋 디저트카페&공방,이디야커피 연세대점,쥬씨 신촌점,피시스오브서울,카페 플레이스
안다르커피,방긋 디저트카페&공방,심두,쥬씨 신촌점,방긋 디저트카페&공방,방긋 디저트카페&공방,심두,캐치카페 신촌
올드프렌드,올드프렌드,크로플덕 오리아가씨 신촌점,올드프렌드,올드프렌드,심두,크로플덕 오리아가씨 신촌점,아마스빈 이대점
카페로이,크로플덕 오리아가씨 신촌점,올드프렌드,크로플덕 오리아가씨 신촌점,모와림,모와림,올드프렌드,고스트요거트 이대직영점
심두,심두,카페로이,심두,크로플덕 오리아가씨 신촌점,올드프렌드,카페로이,피시스오브서울
하이파이,모와림,방긋 디저트카페&공방,모와림,심두,크로플덕 오리아가씨 신촌점,방긋 디저트카페&공방,카페언더우드
모와림,카페로이,모와림,카페로이,카페로이,카페로이,모와림,팔공티 이화여대점
방긋 디저트카페&공방,하이파이,하이파이,하이파이,쥬쥬펫,쥬쥬펫,하이파이,서문
카페문,쥬쥬펫,카페문,쥬쥬펫,카페문,카페문,카페문,메르시보꾸
공드린,카페문,공드린,카페문,하이파이,서문,공드린,카페문
쥬쥬펫,쓰리어클락,쥬쥬펫,공드린,쓰리어클락,하이파이,쥬쥬펫,스타벅스 연세종합관점
나띵벗커피,공드린,서문,에쏘하우스,에쏘하우스,에쏘하우스,서문,하이파이
메르시보꾸,에쏘하우스,메가MGC커피 창천점,서문,서문,공드린,메가MGC커피 창천점,작고 귀엽고 소중해
서문,명카페,챔스빈 신촌점,쓰리어클락,챔스빈 신촌점,챔스빈 신촌점,명카페,카페마지오
쓰리어클락,메르시보꾸,명카페,메르시보꾸,명카페,쓰리어클락,챔스빈 신촌점,심두
지니,서문,메르시보꾸,챔스빈 신촌점,나띵벗커피,메르시보꾸,메르시보꾸,크레스타운 이대점
명카페,챔스빈 신촌점,나띵벗커피,명카페,메르시보꾸,메가MGC커피 창천점,나띵벗커피,크로플덕 오리아가씨 신촌점
메가MGC커피 창천점,나띵벗커피,에쏘하우스,나띵벗커피,공드린,나띵벗커피,에쏘하우스,프롬하츠커피 신촌점
챔스빈 신촌점,메가MGC커피 창천점,지니,메가MGC커피 창천점,에스크투데이,팔공티 이화여대점,지니,투썸플레이스 서대문연희점
팔공티 이화여대점,팔공티 이화여대점,팔공티 이화여대점,팔공티 이화여대점,한숨,명카페,팔공티 이화여대점,카페로이
에쏘하우스,지니,쓰리어클락,지니,지니,옐로연희,카페마지오,카페베이지크
한숨,한숨,카페마지오,한숨,옐로연희,지니,쓰리어클락,투썸플레이스 신촌연세로점
카페마지오,카페마지오,한숨,에스크투데이,팔공티 이화여대점,한숨,한숨,콩
빙달 연희점,에스크투데이,콩,카페마지오,카페마지오,에스크투데이,콩,새라울
공차 이대익스프레스점,작고 귀엽고 소중해,작고 귀엽고 소중해,작고 귀엽고 소중해,메가MGC커피 창천점,작고 귀엽고 소중해,작고 귀엽고 소중해,그대를위한커피
작고 귀엽고 소중해,콩,에스크투데이,옐로연희,작고 귀엽고 소중해,카페베이지크,에스크투데이,랑데자뷰 신촌유플렉스점
프레스도넛 연희,옐로연희,주카,콩,콩,투썸플레이스 서대문연희점,주카,러브스토리 신촌점
콩,빙달 연희점,팔공티 신촌점,투썸플레이스 서대문연희점,카페베이지크,콩,팔공티 신촌점,빙달 연희점
팔공티 신촌점,카페베이지크,옐로연희,카페베이지크,투썸플레이스 서대문연희점,카페마지오,빙달 연희점,나띵벗커피
트리클커피,트리클커피,투썸플레이스 서대문연희점,빙달 연희점,트리클커피,트리클커피,옐로연희,님버스커피
맨팅 연희점,프레스도넛 연희,프레스도넛 연희,트리클커피,프롬하츠커피 신촌점,프롬하츠커피 신촌점,투썸플레이스 서대문연희점,홀리몰리
클로버,투썸플레이스 서대문연희점,트리클커피,프롬하츠커피 신촌점,프레스도넛 연희,팔공티 신촌점,프레스도넛 연희,알트
주카,카페언더우드,카페베이지크,프레스도넛 연희,카페언더우드,카페언더우드,트리클커피,모그
컴포즈커피 신촌자이엘라점,프롬하츠커피 신촌점,브이카페 연희점,팔공티 신촌점,공차 이대익스프레스점,주카,카페베이지크,이디야커피 연세대점
에스크투데이,팔공티 신촌점,프롬하츠커피 신촌점,주카,팔공티 신촌점,프레스도넛 연희,브이카페 연희점,프리쏭
카페샘,카페샘,님버스커피,카페언더우드,카페샘,브이카페 연희점,프롬하츠커피 신촌점,카페바람
옐로연희,컴포즈커피 신촌자이엘라점,빙달 연희점,카페샘,다도레,스타벅스 연대동문점,님버스커피,카페인중독 신촌점
스타벅스 연대동문점,주카,공차 이대익스프레스점,브이카페 연희점,스타벅스 연대동문점,카페바람,공차 이대익스프레스점,이공커피 연희점
블루포트 이화여대점,맨팅 연희점,블루포트 이화여대점,다도레,컴포즈커피 신촌자이엘라점,님버스커피,블루포트 이화여대점,잘루
코피발리 연대점,다도레,컴포즈커피 신촌자이엘라점,컴포즈커피 신촌자이엘라점,주카,공차 이대익스프레스점,컴포즈커피 신촌자이엘라점,트리클커피
다도레,스타벅스 연대동문점,카페샘,스타벅스 연대동문점,브이카페 연희점,카페샘,카페샘,맨팅 연희점
이디야커피 서대문구청점,프리쏭,클로버,님버스커피,카페바람,컴포즈커피 신촌자이엘라점,클로버,다도레
투썸플레이스 서대문연희점,님버스커피,스타벅스 연대동문점,카페바람,님버스커피,다도레,스타벅스 연대동문점,컴포즈커피 신촌자이엘라점
카페언더우드,카페바람,스타벅스 현대신촌점,블루포트 이화여대점,이디야커피 서대문구청점,블루포트 이화여대점,스타벅스 현대신촌점,한숨
카페베이지크,클로버,프리쏭,새라울,빙달 연희점,새라울,프리쏭,팝퍼블 현대백화점 신촌점
스타벅스 현대신촌점,공차 이대익스프레스점,카페바람,프리쏭,클로버,프리쏭,카페바람,카페샘
님버스커피,브이카페 연희점,다도레,공차 이대익스프레스점,블루포트 이화여대점,알트,다도레,코티커피 신촌역점
프롬하츠커피 신촌점,이디야커피 서대문구청점,팝퍼블 현대백화점 신촌점,클로버,잘루,이공커피 연희점,팝퍼블 현대백화점 신촌점,메가MGC커피 창천점
카페바람,블루포트 이화여대점,새라울,맨팅 연희점,새라울,이디야커피 서대문구청점,새라울,카페도비
프리쏭,새라울,이디야커피 서대문구청점,알트,맨팅 연희점,맨팅 연희점,이디야커피 서대문구청점,빽다방 신촌역점
브이카페 연희점,알트,카페언더우드,팝퍼블 현대백화점 신촌점,프리쏭,스타벅스 현대신촌점,맨팅 연희점,카페스케네 연희점
카페봄봄 이화여대점,크레스타운 이대점,맨팅 연희점,잘루,크레스타운 이대점,팝퍼블 현대백화점 신촌점,카페언더우드,쥬씨 신촌점
모그,잘루,알트,이디야커피 서대문구청점,이공커피 연희점,모그,알트,주카
그대를위한커피,팝퍼블 현대백화점 신촌점,이공커피 연희점,이공커피 연희점,알트,클로버,이공커피 연희점,and커피바
잘루,코피발리 연대점,카페봄봄 이화여대점,스타벅스 현대신촌점,모그,크레스타운 이대점,카페봄봄 이화여대점,카페엘피스
랑데자뷰 신촌유플렉스점,스타벅스 현대신촌점,모그,크레스타운 이대점,팝퍼블 현대백화점 신촌점,빙달 연희점,모그,마룬
팝퍼블 현대백화점 신촌점,모그,코피발리 연대점,모그,코피발리 연대점,잘루,코피발리 연대점,빽다방 연희삼거리점
코티커피 신촌역점,이공커피 연희점,크레스타운 이대점,코피발리 연대점,스타벅스 현대신촌점,카페엘피스,크레스타운 이대점,반지하1호
마룬,그대를위한커피,마룬,카페봄봄 이화여대점,카페엘피스,카페봄봄 이화여대점,마룬,프레스도넛 연희
크레스타운 이대점,카페봄봄 이화여대점,잘루,카페엘피스,카페봄봄 이화여대점,마룬,잘루,마켓까눌레
반지하1호,랑데자뷰 신촌유플렉스점,코티커피 신촌역점,랑데자뷰 신촌유플렉스점,마룬,코피발리 연대점,코티커피 신촌역점,마이디어스윗
이공커피 연희점,카페엘피스,홀리몰리,마룬,랑데자뷰 신촌유플렉스점,랑데자뷰 신촌유플렉스점,홀리몰리,블루포트 이화여대점
랩트,반지하1호,빽다방 연희삼거리점,그대를위한커피,그대를위한커피,코티커피 신촌역점,그대를위한커피,객기
새라울,마룬,카페엘피스,반지하1호,반지하1호,반지하1호,빽다방 연희삼거리점,전광수커피 포레스트 신촌기차역점
알트,랩트,랩트,랩트,코티커피 신촌역점,홀리몰리,카페엘피스,랩트
섬,코티커피 신촌역점,그대를위한커피,코티커피 신촌역점,랩트,랩트,랩트,리버럴커피랩
홀리몰리,홀리몰리,랑데자뷰 신촌유플렉스점,홀리몰리,홀리몰리,그대를위한커피,랑데자뷰 신촌유플렉스점,클로버
카페엘피스,Studiowup?: Billy's House,섬,빽다방 연희삼거리점,전광수커피 포레스트 신촌기차역점,빽다방 연희삼거리점,섬,What's ur color?
전광수커피 포레스트 신촌기차역점,전광수커피 포레스트 신촌기차역점,반지하1호,섬,섬,마켓까눌레,반지하1호,코피발리 연대점
Studiowup?: Billy's House,섬,전광수커피 포레스트 신촌기차역점,전광수커피 포레스트 신촌기차역점,마켓까눌레,섬,전광수커피 포레스트 신촌기차역점,챔스빈 신촌점
디저트39 신촌역점,빽다방 연희삼거리점,라플로르,마켓까눌레,러브스토리 신촌점,전광수커피 포레스트 신촌기차역점,라플로르,라플로르
라플로르,마켓까눌레,Studiowup?: Billy's House,Studiowup?: Billy's House,빽다방 연희삼거리점,Studiowup?: Billy's House,Studiowup?: Billy's House,베지밍베이크
마이디어스윗,라플로르,디저트39 신촌역점,러브스토리 신촌점,라플로르,러브스토리 신촌점,디저트39 신촌역점,브이카페 연희점
빽다방 연희삼거리점,마이디어스윗,마켓까눌레,라플로르,디저트39 신촌역점,라플로르,마켓까눌레,카페1997
마켓까눌레,러브스토리 신촌점,매머드익스프레스 이대점,마이디어스윗,Studiowup?: Billy's House,매머드익스프레스 이대점,매머드익스프레스 이대점,비엔나커피하우스 신촌점
매머드익스프레스 이대점,디저트39 신촌역점,마이디어스윗,매머드익스프레스 이대점,매머드익스프레스 이대점,디저트39 신촌역점,마이디어스윗,메가MGC커피 신촌로터리점
에쉬본,카페스케네 연희점,에쉬본,카페스케네 연희점,카페스케네 연희점,카페스케네 연희점,에쉬본,레이지리자드
연희문화살롱,매머드익스프레스 이대점,니드모어커피,에쉬본,에쉬본,객기,니드모어커피,에쉬본
객기,에쉬본,객기,디저트39 신촌역점,객기,에쉬본,객기,엠쓰리
니드모어커피,객기,마음밭오가닉카페,객기,레이지리자드,마이디어스윗,마음밭오가닉카페,Studiowup?: Billy's House
베지밍베이크,레이지리자드,메가MGC커피 신촌로터리점,레이지리자드,베지밍베이크,메가MGC커피 신촌로터리점,메가MGC커피 신촌로터리점,연희도그
배추공주와페키들의감성놀이터,베지밍베이크,카페스케네 연희점,베지밍베이크,메가MGC커피 신촌로터리점,연희문화살롱,카페스케네 연희점,이디야커피 서대문구청점
러브스토리 신촌점,니드모어커피,카페시크릿,메가MGC커피 신촌로터리점,니드모어커피,베지밍베이크,카페시크릿,매머드익스프레스 이대점
카페시크릿,카페도비,카페도비,마음밭오가닉카페,마이디어스윗,마음밭오가닉카페,카페도비,마음밭오가닉카페
What's ur color?,연희문화살롱,베지밍베이크,카페도비,연희문화살롱,카페도비,베지밍베이크,스타벅스 연대동문점
레이지리자드,메가MGC커피 신촌로터리점,러브스토리 신촌점,니드모어커피,카페도비,레이지리자드,알로하 토스트랑 커피랑,카페프루티
카페스케네 연희점,카페1997,알로하 토스트랑 커피랑,연희문화살롱,카페1997,니드모어커피,러브스토리 신촌점,카페봄봄 이화여대점
마음밭오가닉카페,마음밭오가닉카페,단데농,and커피바,마음밭오가닉카페,카페1997,What's ur color?,팔공티 신촌점
알로하 토스트랑 커피랑,카페시크릿,What's ur color?,카페1997,카페시크릿,카페시크릿,단데농,공차 이대점
수카페&쿠킹스튜디오,What's ur color?,연희문화살롱,카페시크릿,라떼킹 신촌점,and커피바,연희문화살롱,차팅
작은카페,라떼킹 신촌점,달리는커피 서울신촌점,What's ur color?,리버럴커피랩,리버럴커피랩,달리는커피 서울신촌점,황카페
카페도비,알로하 토스트랑 커피랑,작은카페,알로하 토스트랑 커피랑,and커피바,라떼킹 신촌점,작은카페,스타벅스 현대신촌점
달리는커피 서울신촌점,엠쓰리,수카페&쿠킹스튜디오,리버럴커피랩,미미에토,알로하 토스트랑 커피랑,수카페&쿠킹스튜디오,디저트39 이대점
엠쓰리,달리는커피 서울신촌점,리버럴커피랩,라떼킹 신촌점,엠쓰리,What's ur color?,카페1997,미미에토
쉬즈베이글 이대점,작은카페,레이지리자드,엠쓰리,알로하 토스트랑 커피랑,달리는커피 서울신촌점,레이지리자드,배추공주와페키들의감성놀이터
미미에토,쉬즈베이글 이대점,카페1997,달리는커피 서울신촌점,달리는커피 서울신촌점,비비안의서재,리버럴커피랩,카페자리
카페1997,비비안의서재,and커피바,작은카페,작은카페,작은카페,and커피바,컴포즈커피 이화여대점
카페몬지 현대백화점 신촌점,리버럴커피랩,쉬즈베이글 이대점,비비안의서재,수카페&쿠킹스튜디오,단데농,쉬즈베이글 이대점,카페슬래시
라떼킹 신촌점,수카페&쿠킹스튜디오,공차 현대신촌점,쉬즈베이글 이대점,공차 현대신촌점,쉬즈베이글 이대점,공차 현대신촌점,킬더유튜브
공차 현대신촌점,배추공주와페키들의감성놀이터,카페몬지 현대백화점 신촌점,단데농,단데농,수카페&쿠킹스튜디오,카페몬지 현대백화점 신촌점,타타스베이글
리버럴커피랩,and커피바,라떼킹 신촌점,수카페&쿠킹스튜디오,배추공주와페키들의감성놀이터,미미에토,라떼킹 신촌점,쉬즈베이글 이대점
메가MGC커피 신촌로터리점,비엔나커피하우스 신촌점,커피나루,미미에토,비비안의서재,비엔나커피하우스 신촌점,배추공주와페키들의감성놀이터,커피팜
다나제과,미미에토,배추공주와페키들의감성놀이터,비엔나커피하우스 신촌점,비엔나커피하우스 신촌점,엠쓰리,커피나루,지유명차 연희점
비피엠파이엔타르트,차팅,비비안의서재,차팅,차팅,차팅,비비안의서재,단데농
벨르아티,다나제과,엠쓰리,과일에반하다프루타 신촌점,What's ur color?,공차 현대신촌점,엠쓰리,커피나루
단데농,카페몬지 현대백화점 신촌점,미미에토,배추공주와페키들의감성놀이터,다나제과,카페몬지 현대백화점 신촌점,미미에토,비비안의서재
비엔나커피하우스 신촌점,단데농,다나제과,카페몬지 현대백화점 신촌점,연희도그,커피나루,과일에반하다프루타 신촌점,과일에반하다프루타 신촌점
비비안의서재,카페프루티,비엔나커피하우스 신촌점,다나제과,카페몬지 현대백화점 신촌점,연희도그,다나제과,비피엠파이엔타르트
과일에반하다프루타 신촌점,연희도그,카페자리,커피나루,카페프루티,다나제과,비엔나커피하우스 신촌점,달리는커피 서울신촌점
라플,커피나루,타타스베이글,공차 현대신촌점,쉬즈베이글 이대점,카페프루티,타타스베이글,old friend
차팅,파티션 WSC,파티션 WSC,연희도그,파티션 WSC,파티션 WSC,카페자리,카페리코
타타스베이글,카페슬래시,비피엠파이엔타르트,카페프루티,킬더유튜브,과일에반하다프루타 신촌점,파티션 WSC,연희문화살롱
스트란드,비피엠파이엔타르트,카페슬래시,카페슬래시,카페슬래시,카페슬래시,비피엠파이엔타르트,섬
커피나루,과일에반하다프루타 신촌점,과일에반하다프루타 신촌점,비피엠파이엔타르트,과일에반하다프루타 신촌점,킬더유튜브,카페슬래시,로덴드론 연희3호점
파티션 WSC,킬더유튜브,차팅,파티션 WSC,지유명차 연희점,비피엠파이엔타르트,차팅,매머드익스프레스 신촌점
카페리코,공차 현대신촌점,킬더유튜브,킬더유튜브,비피엠파이엔타르트,카페자리,킬더유튜브,니드모어커피
카페프루티,벨르아티,벨르아티,타타스베이글,카페리코,카페리코,벨르아티,알로하 토스트랑 커피랑
컴포즈커피 이화여대점,카페리코,카페리코,카페자리,커피나루,지유명차 연희점,카페리코,라플
카페슬래시,컴포즈커피 이화여대점,컴포즈커피 이화여대점,카페리코,타타스베이글,타타스베이글,황카페,카페베네 연세의료원종합관점
멜론콜리,지유명차 연희점,멜론콜리,황카페,컴포즈커피 이화여대점,컴포즈커피 이화여대점,컴포즈커피 이화여대점,파티션 WSC
킬더유튜브,멜론콜리,매머드익스프레스 신촌점,컴포즈커피 이화여대점,카페자리,스트란드,멜론콜리,아이스프링카페
매머드익스프레스 신촌점,라플,라까프,지유명차 연희점,멜론콜리,멜론콜리,매머드익스프레스 신촌점,와드커피 이대점
Cafe HE,타타스베이글,라플,스트란드,디저트39 이대점,황카페,라플,라까프
디저트39 이대점,매머드익스프레스 신촌점,Cafe HE,멜론콜리,스트란드,매머드익스프레스 신촌점,라까프,와이베를린
쥬씨 이대점,스트란드,스트란드,라플,황카페,디저트39 이대점,스트란드,노란손수건 본점
라까프,디저트39 이대점,연희도그,매머드익스프레스 신촌점,매머드익스프레스 신촌점,배추공주와페키들의감성놀이터,Cafe HE,라떼킹 신촌점
커피콩즙,카페자리,쥬씨 이대점,디저트39 이대점,벨르아티,벨르아티,연희도그,리버트리커피
제니스커피하우스,쥬씨 이대점,커피콩즙,벨르아티,쥬씨 이대점,쥬씨 이대점,쥬씨 이대점,스트란드
카페자리,커피콩즙,황카페,쥬씨 이대점,커피콩즙,커피콩즙,커피콩즙,Cafe HE
카페베네 연세의료원종합관점,Cafe HE,제니스커피하우스,커피콩즙,old friend,라까프,제니스커피하우스,멜론콜리
연희도그,라까프,카페프루티,라까프,Cafe HE,Cafe HE,카페프루티,벨르아티
and커피바,황카페,카페베네 연세의료원종합관점,Cafe HE,커피팜,커피팜,카페베네 연세의료원종합관점,카페리세 신촌점
메가MGC커피 신촌기차역점,커피팜,커피팜,커피팜,라까프,old friend,커피팜,쥬씨 이대점
지유명차 연희점,old friend,메가MGC커피 신촌기차역점,old friend,제니스커피하우스,라플,메가MGC커피 신촌기차역점,대현동전통찻집
쥬씨 연희점,제니스커피하우스,디저트39 이대점,제니스커피하우스,카페베네 연세의료원종합관점,제니스커피하우스,디저트39 이대점,디앤케이149
언더독커피,카페베네 연세의료원종합관점,로덴드론 연희3호점,카페베네 연세의료원종합관점,아날로그네버다이스,아날로그네버다이스,언더독커피,바나프레소 신촌역점
아날로그네버다이스,아날로그네버다이스,언더독커피,아날로그네버다이스,와이베를린,카페베네 연세의료원종합관점,지유명차 연희점,다나제과
리버트리커피,와이베를린,지유명차 연희점,와이베를린,라플,와이베를린,쥬씨 연희점,이디야커피 연희홍연길점
레몬트리,메가MGC커피 신촌기차역점,아날로그네버다이스,메가MGC커피 신촌기차역점,로덴드론 연희3호점,로덴드론 연희3호점,아날로그네버다이스,카페시크릿
디베티,로덴드론 연희3호점,쥬씨 연희점,로덴드론 연희3호점,메가MGC커피 신촌기차역점,메가MGC커피 신촌기차역점,로덴드론 연희3호점,그림라이브하우스
황카페,와드커피 이대점,아이스프링카페,와드커피 이대점,와드커피 이대점,와드커피 이대점,아이스프링카페,패스트카페 신촌점
와드커피 이대점,쥬씨 연희점,리버트리커피,쥬씨 연희점,쥬씨 연희점,아이스프링카페,리버트리커피,작은카페
커피팜,언더독커피,디베티,아이스프링카페,아이스프링카페,언더독커피,디베티,디베티
아이스프링카페,카페리세 신촌점,레몬트리,대현동전통찻집,카페리세 신촌점,쥬씨 연희점,레몬트리,레몬트리
카페리세 신촌점,대현동전통찻집,노란손수건 본점,언더독커피,언더독커피,노란손수건 본점,와드커피 이대점,커피조에
디앤케이149,리버트리커피,와드커피 이대점,노란손수건 본점,노란손수건 본점,카페리세 신촌점,노란손수건 본점,아날로그네버다이스
노란손수건 본점,디앤케이149,old friend,카페리세 신촌점,바나프레소 신촌역점,바나프레소 신촌역점,old friend,카페몬지 현대백화점 신촌점
햅윗버터,레몬트리,메가MGC커피 연세대공학원점,리버트리커피,디앤케이149,디베티,메가MGC커피 연세대공학원점,니어리
이알커피 연희,바나프레소 신촌역점,카페리세 신촌점,디베티,그림라이브하우스,리버트리커피,카페리세 신촌점,디저트39 신촌역점
와이베를린,디베티,디앤케이149,디앤케이149,레몬트리,디앤케이149,디앤케이149,햅윗버터
메가MGC커피 연세대공학원점,노란손수건 본점,와이베를린,레몬트리,디베티,패스트카페 신촌점,와이베를린,온팩토리랩
바나프레소 신촌역점,그림라이브하우스,햅윗버터,바나프레소 신촌역점,패스트카페 신촌점,레몬트리,햅윗버터,포트캔커피 신촌점
포트캔커피 신촌점,아이스프링카페,커피조에,이디야커피 연희홍연길점,이디야커피 연희홍연길점,이디야커피 연희홍연길점,커피조에,수카페&쿠킹스튜디오
니어리,햅윗버터,바나프레소 신촌역점,그림라이브하우스,대현동전통찻집,그림라이브하우스,바나프레소 신촌역점,언더독커피
로덴드론 연희3호점,이알커피 연희,이디야커피 연희홍연길점,패스트카페 신촌점,리버트리커피,대현동전통찻집,이디야커피 연희홍연길점,카페연희
커피조에,카페쥬디,대현동전통찻집,햅윗버터,카페쥬디,메가MGC커피 연세대공학원점,대현동전통찻집,연희롱블랙
그림라이브하우스,커피조에,패스트카페 신촌점,커피조에,햅윗버터,카페쥬디,포트캔커피 신촌점,카페쥬디
이디야커피 연희홍연길점,메가MGC커피 연세대공학원점,니어리,카페쥬디,커피조에,커피조에,니어리,네
old friend,니어리,포트캔커피 신촌점,메가MGC커피 연세대공학원점,네,네,패스트카페 신촌점,커피콩즙
대현동전통찻집,이디야커피 연희홍연길점,온팩토리랩,니어리,메가MGC커피 연세대공학원점,니어리,온팩토리랩,제니스커피하우스
온팩토리랩,포트캔커피 신촌점,카페연희,포트캔커피 신촌점,니어리,온팩토리랩,카페연희,메가MGC커피 신촌기차역점
카페연희,네,연희롱블랙,네,포트캔커피 신촌점,카페연희,연희롱블랙,띵크커피 신촌현대점
연희롱블랙,패스트카페 신촌점,카페쥬디,온팩토리랩,온팩토리랩,연희롱블랙,이알커피 연희,쥬씨 연희점
리앤이라마띠네 카페 이대점,온팩토리랩,리앤이라마띠네 카페 이대점,카페연희,카페연희,이알커피 연희,카페쥬디,이알커피 연희
카페쥬디,카페연희,이알커피 연희,연희롱블랙,연희롱블랙,햅윗버터,리앤이라마띠네 카페 이대점,더블랙9
패스트카페 신촌점,연희롱블랙,카페1000,이알커피 연희,리앤이라마띠네 카페 이대점,리앤이라마띠네 카페 이대점,아르가,리앤이라마띠네 카페 이대점
네,리앤이라마띠네 카페 이대점,아르가,리앤이라마띠네 카페 이대점,이알커피 연희,포트캔커피 신촌점,메가샵크로플,아르가
카페1000,아르가,메가샵크로플,아르가,소빈커피,카페1000,카페1000,소빈커피
메가샵크로플,메가샵크로플,그림라이브하우스,메가샵크로플,카페1000,소빈커피,소빈커피,메가샵크로플
소빈커피,카페1000,소빈커피,카페1000,아르가,메가샵크로플,그림라이브하우스,카페1000
아르가,소빈커피,네,소빈커피,메가샵크로플,아르가,네,빅파운드커피
더블랙9,더블랙9,더블랙9,더블랙9,더블랙9,더블랙9,더블랙9,메가MGC커피 신촌역점
메가MGC커피 신촌역점,메가MGC커피 신촌역점,메가MGC커피 신촌역점,메가MGC커피 신촌역점,메가MGC커피 신촌역점,메가MGC커피 신촌역점,메가MGC커피 신촌역점,갓신내림 나비선녀 꽃별신당 신점사주
갓신내림 나비선녀 꽃별신당 신점사주,더벤티 이화여대포스코관점,띵크커피 신촌현대점,띵크커피 신촌현대점,더벤티 이화여대포스코관점,더벤티 이화여대포스코관점,띵크커피 신촌현대점,셀프커피숍
셀프커피숍,띵크커피 신촌현대점,갓신내림 나비선녀 꽃별신당 신점사주,더벤티 이화여대포스코관점,띵크커피 신촌현대점,띵크커피 신촌현대점,갓신내림 나비선녀 꽃별신당 신점사주,쥬시빈 이대점
띵크커피 신촌현대점,갓신내림 나비선녀 꽃별신당 신점사주,셀프커피숍,셀프커피숍,갓신내림 나비선녀 꽃별신당 신점사주,갓신내림 나비선녀 꽃별신당 신점사주,셀프커피숍,퐁치커피익스프레스 신촌이대점
더벤티 이화여대포스코관점,셀프커피숍,예스커피,갓신내림 나비선녀 꽃별신당 신점사주,셀프커피숍,셀프커피숍,예스커피,에잇비돌체 신촌점
빅파운드커피,빅파운드커피,더벤티 이화여대포스코관점,빅파운드커피,빅파운드커피,예스커피,더벤티 이화여대포스코관점,공차 이대익스프레스점
퐁치커피익스프레스 신촌이대점,에잇비돌체 신촌점,에잇비돌체 신촌점,퐁치커피익스프레스 신촌이대점,퐁치커피익스프레스 신촌이대점,빅파운드커피,쥬시빈 이대점,예스커피
쥬시빈 이대점,쥬시빈 이대점,퐁치커피익스프레스 신촌이대점,에잇비돌체 신촌점,쥬시빈 이대점,에잇비돌체 신촌점,에잇비돌체 신촌점,오트뤼
릴렉세이션포인트 연희,퐁치커피익스프레스 신촌이대점,빅파운드커피,쥬시빈 이대점,에잇비돌체 신촌점,쥬시빈 이대점,퐁치커피익스프레스 신촌이대점,공차 현대신촌점
에잇비돌체 신촌점,예스커피,쥬시빈 이대점,예스커피,예스커피,퐁치커피익스프레스 신촌이대점,빅파운드커피,릴렉세이션포인트 연희
오트뤼,오트뤼,오트뤼,오트뤼,오트뤼,오트뤼,오트뤼,더벤티 이화여대포스코관점
예스커피,릴렉세이션포인트 연희,릴렉세이션포인트 연희,릴렉세이션포인트 연희,릴렉세이션포인트 연희,릴렉세이션포인트 연희,릴렉세이션포인트 연희,메가MGC커피 연세대공학원점
차미리 연대점,차미리 연대점,차미리 연대점,차미리 연대점,차미리 연대점,차미리 연대점,차미리 연대점,차미리 연대점
